83.689,7.0153,51.503
81.268,0,0
78.911,0,0
77.005,11.568,0
74.772,0,0
72.614,0,0
70.51,0,0
68.608,4.3328,0
67.031,0,1.1431
74.894,0,28.645
72.87,4.1599,0
70.756,0,0
68.714,0,0
66.768,0,0.05217
66.957,0,5.9551
69.633,0,13.167
80.734,0,40.207
78.398,0,0
76.108,0.039534,0
73.887,0,0
71.745,0,0
73.737,5.0083,11.503
71.631,0.45912,0
69.549,0,0
67.545,0,0
66.038,10.174,0
67.071,149.73,0
65.179,0,0
64.458,0,2.9566
62.615,0,0
60.853,0.42799,0
59.135,0,0
57.463,0,0
55.844,0,0
54.286,0.00019322,0
52.742,0,0
67.465,0,41.236
67.198,10.693,4.0881
65.291,0,0
64.483,71.789,0
63.353,14.462,1.3554
61.573,0,0
59.825,0,0
58.154,0,0
77.307,9.829,57.078
75.112,0.55475,0
72.97,0.31586,0
70.918,2.1309,0
70.792,0,5.3758
68.805,0,0
67.28,29.698,0
65.369,0.12885,0
63.823,21.566,0
63.999,0,5.2347
63.946,0,4.6192
62.144,0,0
67.594,0,19.323
65.683,0,0
63.834,0,0
66.241,0,11.426
64.352,0,0
62.528,0,0
60.896,7.3989,0
59.343,9.558,0
57.675,1.277,0
56.898,50.673,0.12275
60.499,0,12.843
58.818,0.44629,0
59.021,0,4.6247
57.882,36.257,0
56.769,40.98,0
55.71,48.372,0
54.154,0,0
52.674,0,0
54.824,51.436,7.0239
53.71,0,0.92108
52.236,0,0
51.17,0,0.8052
78.851,0,77.292
76.85,21.983,0
74.924,25.704,0
74.975,29.392,5.6155
72.839,0,0
70.792,0,0
69.47,0,1.9033
67.753,0,0.66739
65.83,0,0
63.984,0,0
66.045,0.0055177,10.302
64.187,0,0
62.391,1.1255,0
60.644,0,0
58.961,0,0
57.309,0,0
55.772,4.1703,0
54.194,0,0
57.289,0,11.068
55.673,0,0
54.121,0,0
52.598,0,0
55.903,0,11.265
54.321,0,0
53.202,22.565,0
51.722,0,0.0091131
50.286,0,0
48.895,0,0
51.128,0,7.9676
50.302,32.687,0
52.639,0,8.4008
63.105,0,29.547
61.334,0,0
59.732,0,0.33861
61.439,0,8.7428
76.085,1.4614,46.18
74.256,19.51,0
72.127,0,0
70.059,0,0
68.052,0,0
66.109,0.20238,0
64.872,0.0044414,1.7788
63.04,0,0
61.237,0,0
59.499,0,0
57.816,0,0
56.228,1.8137,0
54.669,0,0.054501
53.125,0,0
51.626,0,0
58.428,0.18195,19.972
56.761,0,0
57.247,110.29,0
56.078,33.848,0
55.569,0,2.4339
54.018,0,0
54.161,163.07,0
57.166,1.4726,10.354
106.85,0.2844,160.72
109.29,57.925,19.423
106.13,0,0
103.68,0,2.28
102.38,0.007929,6.3236
99.457,2.218,0.12827
99.389,0,10.102
96.646,0,0.36637
93.854,0,0
91.153,0,0
93.077,0,15.642
90.415,0,0
87.82,0,0
86.79,158.56,0
84.9,79.637,0
82.886,14.128,0.90995
83.795,0,10.315
81.412,0,0
79.117,0,0
76.912,0,0.11319
74.739,0.4038,0
72.641,0,0
70.655,5.8622,0
73.988,0,15.237
71.91,1.1484,0
69.872,0,0
67.911,0,0
65.995,0,0
64.121,0,0
62.841,51.525,0
61.179,10.532,0
59.634,17.763,0
59.687,23.183,3.6156
58.036,0,0
56.792,40.647,0
55.241,1.6922,0
53.73,0,0
52.251,0,0
81.156,24.802,81.197
81.393,100.46,5.1968
79.097,0,0
76.849,0.29102,0
74.67,0,0
72.607,4.0751,0
79.288,0,25.951
77.038,0,0
74.85,0,0
78.748,27.83,17.247
76.513,0,0
74.548,2.9754,0.45574
72.435,0,0
92.3,50.129,67.871
89.931,0,0.92725
87.533,18.616,0
85.04,0,0
82.605,0,0
80.259,0,0
77.967,0,0
75.734,0,0
73.738,0,0.46521
89.52,0,56.595
86.956,0,0
84.456,0,0
82.015,0,0
79.696,1.8371,0
77.429,0,0
75.215,0,0
73.073,0,0
70.979,0,0
68.964,0,0
67.009,0.36664,0
93.278,0,88.836
90.597,1.0226,0
88.503,31.99,0
86.588,44.274,0
84.197,6.1125,0
81.794,0,0
79.45,0,0
77.855,53.261,0
75.633,0,0
73.481,0,0
80.315,0,27.075
78.003,0,0
76.868,58.224,1.1611
74.689,0,0
74.658,0,6.1907
72.545,0,0
80.119,4.4217,28.868
77.83,0,0
75.66,4.1365,0
74.621,99.733,0
72.512,0,0
71.505,9.0786,2.742
74.988,0,15.912
73.127,27.148,0
71.068,0,0
69.091,3.1475,0
67.174,0,0
65.268,0,0
63.413,0,0
63.137,0,3.9283
61.436,6.6086,0
59.707,0,0
58.024,0,0
56.419,1.5547,0
55.126,21.318,0
66.436,0,32.646
64.557,0,0
62.731,0,0
60.962,0,0
60.014,0,1.9003
58.342,0.42327,0
56.936,14.179,0
74.238,0,51.159
78.754,6.9087,19.811
76.473,0,0
94.503,0,66.735
91.779,0,0
89.356,14.487,0
91.907,0,17.654
89.307,4.283,0
86.706,0,0
84.586,5.9357,0.8797
82.146,0,0
79.79,0,0
77.565,2.2237,0
86.288,0,35.221
83.807,0.74861,0
82.78,87.043,0
80.564,0,0.51482
79.119,74.12,0
76.869,0,0
97.21,0,74.527
94.418,0,0
91.716,0,0
92.755,0,12.707
90.18,7.5483,0
87.567,0,0
92.023,0,23.747
89.356,0,0
86.971,0,0.64031
84.466,0,0
90.472,0,28.264
87.929,5.0276,0
89.988,0,15.596
87.399,0,0
84.873,0,0
82.491,3.1215,0
81.995,5.2283,5.7275
79.622,0,0
77.362,1.5577,0
75.293,8.8153,0
73.926,49.131,0
71.973,10.023,0
70.027,8.4225,0
68.252,0,0.64199
66.331,0.85045,0
64.454,0,0
62.625,0,0
60.868,0,0
59.748,39.055,0
63.231,16.803,12.644
63.914,0,6.4938
70.193,0,22.163
69.162,78.941,0
67.212,0,0
65.302,0,0
63.664,17.008,0
61.888,0,0
60.158,0,0
58.548,5.2248,0
56.913,0,0
55.328,0,0
53.867,6.568,0
52.353,0,0
51.344,34.645,0
49.927,0,0
48.562,0,0
47.239,0.26076,0
47.23,0.5226,2.6902
45.932,0,0
44.697,2.1404,0
43.478,0,0
42.304,0,0
41.203,2.9424,0
40.082,0,0
38.999,0,0
37.948,0,0
36.927,0,0
37.425,0,2.6325
36.402,0,0
36.037,34.97,0
35.089,1.4491,0
34.406,15.511,0
33.482,0,0
32.595,0,0
31.752,0,0.033316
35.845,0,7.9698
37.869,19.974,4.5676
37.225,23.431,0
36.231,0,0
35.692,0.086372,0.73542
34.741,0,0
33.813,0,0
33.003,4.8191,0
32.133,0.20922,0
31.282,0,0
30.46,0,0
30.512,51.053,0
29.746,0,0
28.963,0,0
29.084,63.808,0
28.358,0,0
27.843,17.019,0
27.14,0,0
26.474,0,0
25.808,0,0
35.465,0,14.89
34.524,0,0
33.63,0,0
32.733,0,0
56.084,0,48.349
54.508,0,0
66.078,0,33.403
64.193,0,0
62.367,0,0
61.438,52.9,0
68.732,0,24.227
66.798,0,0
72.396,0,21.221
70.644,0,0.92232
75.967,0.033861,21.648
73.807,0,0
78.471,0,20.611
80.702,0,14.037
78.43,2.6466,0
76.187,0,0
74.302,16.605,0
72.185,0,0
70.136,0,0.032939
68.149,0,0
66.749,29.711,0
64.846,0,0
63.482,0,1.276
61.812,7.6518,0
60.047,0,0
58.752,0,0.99937
57.099,0,0
55.505,0,0
53.98,0,0
52.461,0,0
51.115,5.6169,0
49.707,1.4222,0
48.347,1.6879,0
47.877,0.026138,1.8345
46.553,0,0
45.659,17.908,0
44.408,0,0
43.192,0,0
64.643,0,53.419
66.534,30.838,8.3906
64.688,2.9751,0
64.98,0,5.7423
63.13,0,0
61.333,0,0
73.983,0,40.271
72.642,7.7303,1.7933
73.034,27.145,5.7635
70.96,0,0
69.304,21.407,0
67.614,16.448,0
68.955,4.9232,8.875
67.033,3.1915,0
65.125,0,0
63.283,0,0
61.485,0,0
59.767,0,0
71.639,0,36.897
77.231,0,22.843
75.002,0,0
72.842,0,0
88.921,0,57.856
86.337,0,0
83.848,0,0
81.427,0,0
79.086,0,0
76.788,0,0
74.977,0,1.2113
72.969,6.3218,0
70.873,0,0
68.854,0.086553,0
66.884,0.097171,0
64.956,0,0
63.298,6.9079,0
61.492,0,0
59.739,0,0
58.017,0,0
56.449,2.9028,0
55.078,0,0.54328
53.841,0,0.76783
55.771,0,8.395
54.174,0,0
54.305,58.147,0.51403
57.397,0,11.101
60.285,0,11.358
58.582,0,0
56.926,0,0
58.305,0,7.3932
56.647,0,0
55.036,0.4907,0
53.493,0,0
51.98,0,0
50.522,0,0
49.099,0,0
47.724,0,0
46.892,0,1.1145
45.655,0,0.16473
44.374,0,0
43.122,0,0
41.9,0,0
40.737,0,0
40.896,0,2.5066
39.759,0,0
38.649,0.3762,0
37.58,0,0
36.541,0,0
35.533,0,0
42.539,3.951,14.749
42.568,39.813,0
41.403,0,0
40.26,0,0
49.374,0,21.045
48.086,4.3033,0
46.742,0,0
46.521,50.147,0
50.367,83.94,8.3859
60.253,0,26.616
59.532,6.8879,2.1803
59.099,0,3.0647
58.943,0,3.7386
57.286,0,0
55.995,22.936,0
57.274,0,6.8691
56.382,58.241,0
54.824,0,0
54.174,0,2.0407
52.689,0,0
52.994,0,4.0144
51.555,0,0.058291
51.778,0,3.7301
50.34,0,0
49.358,0.10598,0.87164
47.987,0,0
46.682,0,0
45.556,9.962,0.021797
44.301,0,0
43.124,0,0.11976
42.018,4.8773,0
43.272,0,4.6856
48.773,0,13.848
47.407,0,0
54.415,0,18.698
52.984,5.5247,0
51.508,0,0
50.077,0.23385,0
48.685,0,0
48.949,0,3.5279
47.592,0,0
47.12,43.039,0
45.817,1.0939,0
44.586,0,0.010559
43.623,0,0.57204
42.737,16.735,0
42.082,31.613,0
40.944,0,0
39.823,0,0
38.746,0,0
37.714,0,0.0050557
37.547,57.692,0
36.566,0,0
35.75,11.622,0
34.781,0,0
33.898,3.1104,0
41.47,0,14.706
40.353,0,0
39.25,0,0
38.409,13.129,0
37.413,3.3147,0
49.489,14.105,25.288
52.319,0,9.3312
50.891,0,0
49.467,0,0
48.112,0,0
46.778,0,0
45.622,7.4513,0
44.464,5.9501,0
43.243,0,0
42.058,0,0
43.556,0,5.2022
42.342,0,0
45.88,0,9.4522
44.67,0.68407,0.096239
45.032,3.2859,3.1156
44.177,18.438,0
42.957,0,0
41.78,0,0
53.103,0,26.641
51.614,0,0
50.167,0.21406,0
50.091,74.036,0
48.741,0.72587,0.023813
48.016,0,1.3799
46.712,0,0
45.439,0,0
44.382,8.4418,0.10346
43.154,0,0
41.977,0,0
45.704,0,9.6842
45.941,3.561,2.9463
44.674,0,0
43.466,0,0.050005
42.277,0,0
41.43,16.305,0
66.073,1.9922,60.21
64.238,0.97282,0
63.135,41.213,0
63.148,0,4.7049
64.906,37.373,7.9377
63.063,0,0
61.452,12.292,0
59.742,0,0
58.049,0,0
56.422,0,0
54.846,0,0
53.305,0,0
52.007,13.209,0
50.565,0,0
49.183,0.50522,0
47.824,0,0
46.509,0,0
45.241,0,0
45.884,0,3.91
44.619,0,0
43.404,0,0.018781
42.205,0,0
41.051,0,0
40.605,34.835,0
40.06,35.931,0
45.36,0,12.336
44.296,0,0.37395
44.31,21.36,1.7975
46.608,0,7.1736
49.133,0,8.0754
49.957,0,4.7739
48.559,0,0
50.814,18.514,7.1548
49.393,0,0
48.096,4.817,0
46.804,3.4271,0
45.5,0,0
44.238,0,0
43.03,0,0
41.832,0,0
48.149,8.8469,14.921
46.919,5.309,0
45.646,1.8654,0
46.06,2.4849,3.3633
44.945,7.6586,0
43.725,0.23517,0
43.035,4.3938,0.8208
44.193,0,4.649
42.982,0,0
41.791,0,0
40.632,0,0
39.525,0,0
38.44,0.18248,0
37.393,0,0
36.373,0,0
35.384,0,0
35.644,58.777,0
34.7,0,0
37.702,5.7008,6.5331
36.704,0,0
43.646,0,14.766
42.631,10.083,0
41.473,0,0
40.341,0,0
39.244,0,0
38.261,3.623,0
37.306,4.8731,0
40.405,0,7.4685
39.286,0,0
38.199,0,0
37.156,0,0
36.155,0.046553,0
35.498,13.772,0
43.598,0,16.807
42.39,0,0
42.441,62.628,0.10643
70.982,0,71.886
69.271,20.235,0
67.69,26.262,0
65.821,3.3124,0
63.978,0.85174,0
62.177,0.21218,0
60.421,0,0
58.913,0,0.48956
86.45,0,85.353
83.954,0,0
84.638,6.895,9.8304
82.432,15.161,0
87.074,0,23.012
84.577,0,0
82.138,0,0
79.776,0.32443,0
77.52,2.4151,0
75.307,1.1705,0
73.137,0,0
79.939,1.8737,27.028
77.633,0,0
75.402,0,0
73.786,0,1.6541
74.03,10.386,6.3907
72.114,10.656,0
70.046,0,0
68.047,0,0
66.089,0,0
64.235,1.9536,0
62.401,0,0
60.616,0,0
58.899,0.179,0
60.819,0,9.2161
60.017,42.999,0
58.325,0,0
56.944,8.2129,0.33919
55.339,0,0
56.923,0,7.5922
55.318,0,0
54.634,0,2.0783
74.829,104.06,54.014
73.41,66.111,0
71.324,0.0171,0
69.336,2.7758,0
67.42,3.6286,0
65.61,8.5276,0
88.854,0,76.054
105.61,82.652,66.173
132.33,48.424,121.38
128.85,0,1.5901
129.82,0,20.738
127.17,0,4.9312
123.83,0,1.5542
120.23,0,0
116.74,0,0
113.37,0,0
116.06,0,24.185
114.52,0,7.4383
111.17,0,0
107.93,0,0
104.81,0,0
101.78,0,0
98.832,0,0
95.96,0,0
93.567,27.742,0.0060176
90.903,3.2888,0
88.285,0,0
85.888,9.7128,0
90.386,0,23.396
87.791,0,0
85.617,9.2491,0.76743
86.308,5.6928,10.149
86.874,0,10.106
88.319,0,13.235
85.746,0,0
109.95,0,97.102
106.79,3.8364,0
103.67,0,0
100.66,0,0
97.867,7.336,0
95.156,3.4944,0.28003
92.393,0,0
92.101,77.067,4.1453
89.432,0,0
86.877,0,0
84.744,27.748,0
87.084,0,15.636
84.587,0,0
82.15,0,0
79.828,0,0
77.53,0,0
78.649,0,10.299
76.674,19.118,0
74.498,0,0
72.378,0,0
70.543,3.2748,0.53884
68.545,0.6278,0
66.586,0,0
65.956,0.16133,3.4129
64.074,0,0
62.291,2.2371,0
61.002,27.873,0
59.285,0,0
57.612,0,0
55.98,0,0
69.804,0.036921,40.621
67.795,0,0
65.856,0,0
69.618,0,15.752
67.832,10.413,0
65.895,0,0
63.998,0,0
62.176,0,0
63.618,6.5415,8.1367
61.816,0,0
60.642,28.796,0
59.115,8.0113,0.091836
57.451,0,0
55.835,0,0
54.252,0,0
59.23,0,15.896
57.594,2.1514,0
55.957,0,0
54.416,1.557,0
52.88,0,0
51.668,12.418,0
51.473,0,2.8393
53.125,0,7.1469
70.777,0,50.287
68.752,0,0
66.765,0,0
65.288,0,1.2101
68.606,48.456,11.519
66.695,0,0.10208
64.788,0,0
62.954,0,0
61.177,0,0
59.448,0,0
63.729,0,15.581
65.703,4.4765,9.9964
63.827,0,0
65.977,9.9505,10.235
64.08,0,0
79.546,194.57,42.394
79.844,0,7.9024
77.561,0,0
76.385,0,3.0853
74.231,0.21034,0
86.867,0,46.046
84.385,0,0
81.972,0,0
79.646,0,0
81.73,0,13.704
79.529,11.151,0
88.367,0,35.911
85.838,0,0.017057
83.414,3.2199,0
94.462,0,45.426
91.742,0,0
89.07,0,0
105.36,0,68.242
102.3,0,0
99.543,0.89386,0.81643
96.858,11.55,0
94.201,9.7225,0
91.477,0,0
88.871,0,0.070469
86.492,9.9542,0.098288
84.01,0,0
91.66,8.421,33.471
89.003,0,0
87.323,17.388,2.0139
91.217,0,21.901
88.584,0,0
86.029,0,0
83.514,0,0
82.326,81.615,0
118.06,0,140.29
117.22,0,10.689
114.3,0,2.1181
110.99,0.030525,0
120.84,14.189,52.854
117.3,0,0
113.9,0,0
112.63,0.010651,8.3126
109.49,0,0.56169
107.37,0,4.1782
104.25,0,0
101.21,0,0
99.364,0,4.1186
101.69,0,19.435
98.735,0,0
95.851,0,0
93.088,0,0
90.395,0,0
87.788,0,0
85.253,0,0
87.485,24.63,13.947
116.96,0,120.7
113.53,0,0
110.82,32.497,0
107.6,0,0
104.47,0,0
101.82,0,1.4747
98.856,0,0
95.965,0,0
93.195,0,0
100.79,0,37.386
97.845,0,0
94.986,0,0
92.219,0,0
89.524,0,0
87.122,7.9497,0
92.293,0,26.582
89.622,0,0
87.039,0,0
84.499,0,0
83.05,0,3.3259
80.638,0,0
78.293,0,0
80.229,0,13.28
77.9,0,0
75.654,0,0
73.449,0,0
71.326,0,0
69.295,0.90716,0
67.336,0.33771,0.0026978
65.387,0,0
66.431,4.4824,7.6038
64.498,0,0
64.51,0,5.1393
64.476,69.805,0
62.64,0,0
60.841,0,0
59.29,9.4285,0
57.986,20.92,0
65.883,0,24.79
64.026,0,0
62.201,0,0
60.439,0,0
112.94,0,181.29
110.37,40.039,0
116.3,0,36.959
112.91,0,0
109.65,0.99121,0
107.63,0,4.6087
112.37,0,31.23
109.09,0,0
106.04,7.8231,0
102.95,0,0
108.83,0,34.267
105.74,0,0.34248
110.38,0,30.312
107.38,3.2478,0.63211
119.26,0,61.065
115.77,0,0
112.38,0,0.034908
109.08,0,0
106.1,8.8048,0
102.99,0,0
99.988,0,0
97.049,0,0
101.46,0,26.861
98.497,0,0
95.63,0,0
92.841,0,0
91.297,0,4.1005
88.696,2.0551,0
86.127,0,0
83.627,0,0
81.198,0,0
78.835,0,0
77.248,22.233,0
82.946,0,25.222
80.533,0,0
78.198,0,0
76.697,0.003682,2.3765
74.447,0,0
73.739,0,4.4184
73.41,0,5.5005
71.295,0,0
69.252,0,0
67.241,0,0
65.29,0,0
63.428,0,0
69.074,36.268,17.624
67.562,20.868,0
65.632,0,0
70.987,70.669,16.826
69.22,0,0.6614
67.261,0,0
65.352,0,0
63.509,0,0.014909
61.726,0,0.0081067
60.891,0,2.2992
59.158,0,0
57.504,0,0
56.642,46.204,0
55.101,3.302,0
54.324,59.168,0
57.099,0,10.115
55.523,0,0
53.985,0,0
52.487,0,0
51.694,53.83,0
50.269,0,0
48.898,0,0
47.553,0,0
46.252,0,0
57.926,0,29.143
56.286,0,0
54.908,0,0.4571
54.504,0,2.665
57.117,0,9.8739
55.546,0,0
54.025,2.1521,0
52.522,0,0
70.04,0,49.038
68.063,1.1701,0
66.13,0.32592,0
67.793,59.717,7.1081
65.898,0,0
64.023,0,0
62.212,0,0
60.903,30.623,0
60.12,78.449,0
58.448,0,0
56.827,0,0
55.716,0,1.0789
54.198,0,0.068872
52.678,0,0
51.226,0,0
49.82,0,0
53.197,0,10.599
51.831,9.2546,0
50.367,0,0
48.984,0.16096,0
47.637,0,0
46.35,1.4771,0
52.2,0,15.494
50.89,8.0842,0
51.879,0,5.4207
50.439,0,0
52.717,10.546,7.9348
51.344,5.6272,0
49.921,0,0
48.533,0,0
47.166,0,0
46.662,49.496,0
45.395,0,0
52.949,0,19.039
52.303,7.7784,1.5936
51.262,0,0.96205
49.828,0,0
48.449,0.05592,0
47.193,0,0.18515
45.889,0,0
44.604,0,0
43.37,0,0
42.197,0,0
41.038,0,0
39.927,0,0
38.836,0,0
37.773,0,0
39.051,0,4.1954
38.608,28.838,0
37.564,0,0
36.536,0,0
35.534,0,0
34.59,1.5831,0
33.657,0,0
32.743,0,0
31.879,0,0
31.03,0,0
30.185,0,0
29.38,0,0
28.616,0,0
34.848,0,11.001
48.501,0,28.595
47.141,0,0
45.845,0,0
44.73,5.2017,0
56.26,7.1838,28.496
54.67,0,0
53.139,0,0
59.177,12.654,17.677
57.756,10.464,0
62.52,0,16.458
60.742,0,0
59.03,0.0012725,0.064005
64.942,3.1248,19.851
63.092,0,0
61.272,0,0
59.504,0,0
65.345,0.12298,20.067
63.541,2.4008,0
61.717,0,0
60.513,0,1.4854
58.78,0,0
57.104,0,0
55.472,0,0
62.567,0,22.291
60.771,0,0
59.019,0,0
85.859,0,85.156
85.431,1.2355,6.8097
82.946,0,0
80.531,0,0
78.177,0,0
78.568,0,8.3775
81.476,0,16.693
87.858,4.4915,28.5
85.278,0,0
84.509,12.393,3.9424
82.064,0,0
84.866,0,17.084
82.475,0,0.31178
80.082,0.086498,0
83.009,0,17.053
80.786,4.5964,0
78.42,0,0
76.162,0,0
75.073,27.141,0.50481
73.754,22.667,0.82402
71.646,0,0
69.593,0,0
67.598,0,0
65.672,0,0
63.899,4.2281,0
62.078,0,0
60.312,0,0
58.564,0,0
56.887,0,0
55.274,0,0
53.698,0,0
52.166,0,0
50.695,0,0
49.267,0,0
48.26,11.608,0
47.032,3.5371,0
49.062,0,7.3161
47.671,0,0
46.32,0,0
45.114,2.7903,0
44.76,33.015,0
43.559,1.6683,0
42.355,0,0
41.154,0,0
40.002,0,0
38.909,0,0
37.855,0.54286,0
36.809,0,0
35.811,0,0
34.824,0,0
52.95,15.722,37.925
51.465,0,0
81.852,0,88.528
79.553,2.0885,0
77.29,1.5686,0
96.646,0.0016528,73.028
93.855,0.9017,0
91.109,0,0
89.868,61.584,0
87.269,0,0
84.745,0,0
95.832,2.8303,46.338
101.34,0,30.494
98.794,21.2,0
95.933,0,0
93.147,0,0
91.224,0,2.7365
88.587,0,0
86.293,12.969,0
90.993,0,24.383
88.335,0,0
88.069,5.7902,7.3718
85.512,0,0
83.47,0,1.46
81.087,0,0
79.393,31.547,0
77.139,1.4974,0
75.158,12.775,0
72.998,0,0
70.908,0,0
68.886,0,0
66.933,0,0
65.626,33.487,0
63.769,0,0
64.747,0,7.4098
62.915,0,0
61.113,0,0
59.516,7.7365,0
62.308,0,11.51
60.564,0,0
59.379,28.929,0
57.704,0,0
56.1,0,0
54.51,0,0
53.242,0,0.6388
51.761,0,0
50.373,0,0.11403
59.589,8.5388,24.961
57.899,0,0
63.251,0,17.998
61.46,0.018003,0
59.707,0.1921,0
61.718,0,9.583
60.051,3.6295,0
64.781,0,17.021
62.93,0,0
61.125,0,0
59.653,10.144,0
57.93,0,0
57.289,18.485,1.4063
55.742,3.8547,0
56.643,182.06,0
56.53,0,3.4542
54.96,0,0
110.58,7.8145,181.17
107.35,0,0
104.89,39.04,1.0427
117.19,0,60.469
113.88,8.6505,0
110.56,0,0
107.34,0,0
105.04,83.034,0
102.01,0,0
99.479,0,1.5014
96.672,4.9549,0
93.923,2.0564,0
91.233,0,0
89.617,4.7935,3.2831
87.108,6.1173,0
87.215,32.742,7.4485
84.733,0,0
82.327,0,0
80.068,6.9603,0
80.408,0,8.1599
78.1,0,0
75.881,0,0
73.74,0,0
71.67,1.3996,0
69.638,0,0
69.683,12.202,5.2329
67.725,0,0
65.807,0,0
80.128,0,47.394
77.833,0,0
75.615,0,0
73.467,0,0
71.346,0,0
69.311,0,0
67.358,0,0
65.446,0,0
63.59,0,0
61.778,0,0
60.019,0,0
58.325,0,0
65.118,12.375,21.361
79.609,2.186,47.887
77.305,0,0
78.614,0,11
76.45,0.32157,0.28762
74.43,7.9944,0
86.678,0.11307,45.749
84.174,0,0
81.729,0,0
79.397,0.95307,0
77.081,0,0
74.864,0,0
75.664,0,8.9834
74.487,44.065,0
87.402,0.099544,47.879
84.89,0,0
82.441,0,0
80.05,0,0
78.84,0,3.4187
80.119,28.116,9.2652
89.914,0,39.896
93.481,0,21.448
90.979,0,0.77265
88.342,0,0
85.837,1.6008,0
83.664,15.171,0
96.933,18.471,52.695
94.442,0.0020064,1.1378
91.701,0,0
89.043,0,0
86.5,0.61832,0
84.013,0,0
103.52,0,77.755
101.45,16.753,2.2501
103.76,0.40823,19.848
100.78,0,0.066104
97.918,4.5037,0
95.068,0,0
92.311,0,0
93.538,0,13.839
99.142,25.579,28.058
96.789,0,1.9155
94.05,2.9378,0
112.78,0,81.589
109.51,0.0012939,0
106.43,4.5157,0
103.31,0,0
104.7,0,16.821
101.65,0,0
99.281,16.201,0.88856
96.392,0,0
93.578,0,0
91.046,8.2181,0
89.936,94.161,0
87.36,0,0.019791
98.926,3.2138,49.055
97.474,0.2631,5.0751
95.451,7.3976,2.435
94.406,0,6.0612
91.746,5.676,0
90.48,0,4.7139
87.883,0,0
109.37,0,87.769
106.65,0,1.8137
103.54,0,0
100.66,8.6605,0
97.728,0,0
94.903,0,0
92.208,2.3441,0
97.412,0,28.056
94.59,0,0
93.256,0,5.0094
90.783,0,0.79688
88.153,0,0
93.36,6.7702,26.432
90.654,0,0
88.018,0,0
85.627,6.4138,0
83.143,0,0
81.078,0,1.0868
78.753,0,0
76.49,0,0
76.484,0,6.7856
79.496,0,16.275
77.193,0,0
74.955,0,0
72.813,1.1597,0
75.976,0,15.94
79.091,0,16.584
76.811,0,0.015237
74.589,0,0
88.552,0,52.22
85.989,0,0
83.482,0,0
81.041,0,0
78.672,0,0
76.385,0,0
74.957,22.181,0
73.957,49.904,0
72.41,5.4916,1.4025
71.745,0,4.0654
74.037,0,12.866
71.902,0,0
69.83,0,0
74.579,20.728,18.548
72.436,0,0
70.358,0,0
68.42,3.9615,0
66.802,18.362,0
66.875,0,5.4445
64.946,0,0
63.086,0,0
61.308,0,0
59.57,0,0
57.889,0,0
56.25,0,0
80.906,70.811,70.198
78.606,0,0
76.352,0,0
74.171,0,0
72.038,0,0
80.201,0,31.003
77.897,0,0
76.198,32.376,0
83.261,0,28.953
81.199,2.4163,0.99498
78.937,4.2516,0
76.677,0.042435,0
74.478,0.35025,0
72.369,0,0
70.557,15.594,0
68.627,4.841,0
72.004,43.813,13.277
70.212,17.198,0
68.236,0,0
66.48,0,0.41091
77.151,0,36.261
80.333,30.219,15.323
80.332,2.5139,7.0589
78.031,0,0
75.873,4.7608,0
95.073,0,70.221
92.313,0,0
92.255,12.761,8.3939
89.907,21.639,0
89.046,0,5.7704
86.502,1.0485,0
85.199,97.349,0
86.946,14.874,13.196
84.441,0,0
82.042,0,0
79.684,0,0
77.425,1.095,0
75.222,0,0
81.495,0,25.815
79.167,0,0
83.648,9.7285,20.877
81.248,0,0
78.922,0,0
76.667,0,0
82.478,0,24.928
85.811,0,18.52
83.393,0,0.11824
81.009,0,0
78.683,0,0
76.83,24.269,0
80.522,0,18.234
78.203,0,0
75.955,0,0
73.79,0,0
71.676,0,0
74.284,0,13.699
72.49,4.3045,0.76349
70.431,0,0
68.434,0,0.0022853
66.471,0,0
64.587,0,0
62.757,0,0
60.956,0,0
59.248,0.90217,0
57.606,1.3015,0
55.982,0,0
54.406,0,0
52.966,4.0379,0
52.27,0,1.8746
50.79,0,0
49.339,0,0
48.216,1.8521,0.42002
46.849,0,0
46.556,1.2453,2.0971
45.265,0,0
44.844,31.629,0
43.604,0,0
46.586,0,8.6486
46.331,0,2.1948
45.015,0,0
44.451,30.307,0
43.217,0,0
42.033,0.77042,0
41.942,19.832,1.2841
44.236,0,6.8274
43.02,0,0
41.837,0,0
40.692,0,0
39.603,0,0
39.48,50.501,0
38.41,0,0
38.876,0,2.7368
44.014,0,11.788
42.798,0,0
41.631,0.78779,0
40.503,0,0
39.387,0,0
46.129,0,15.383
44.948,4.6127,0
49.81,0,13.007
55.664,2.6536,16.644
54.089,0,0
52.56,0,0
51.077,0,0
50.367,33.66,0
49.173,12.213,0
68.679,0,52.385
66.744,0.73682,0
64.832,0,0
62.986,0,0
61.45,13.431,0
59.699,0,0
58.014,0,0
56.356,0,0
54.856,4.9068,0
53.339,0,0
51.827,0,0
50.373,0,0
48.959,0,0
47.598,0,0
46.262,0,0
44.966,0,0
43.715,0,0
42.509,0,0
41.318,0,0
40.211,0,0.082165
40.442,0,2.552
39.33,0,0
41.18,0,5.6208
47.155,0,14.683
45.821,0,0
44.544,0,0
43.29,0,0
57.979,0,36.507
56.312,0,0
54.701,0,0
53.14,0,0
58.756,0,17.676
57.158,1.9337,0
55.524,0,0
53.941,0,0
52.406,0,0
50.908,0,0
50.611,29.389,0
49.216,0,0.062796
55.746,0,18.468
54.158,0,0
52.611,0,0
51.136,0.98155,0
57.987,0,20.051
56.337,0,0
54.8,0,0.12145
53.24,0,0
51.72,0,0
50.872,0,1.4878
49.432,0,0
48.017,0,0
46.791,3.2979,0
45.452,0.036861,0
44.161,0,0
42.933,0,0
41.717,0,0
43.969,0,6.9993
42.72,0,0
41.513,0,0
86.908,8.0148e-05,127.73
84.362,0,0
82.002,1.4136,0
79.603,0,0
77.27,0,0
78.491,0,11.003
80.558,0,14.004
87.012,6.5816,28.021
85.01,11.756,0
82.512,0,0
80.103,0,0
77.767,0,0
75.519,0,0
73.314,0,0
72.671,0,4.5131
70.717,3.3254,0
68.654,0,0
66.687,0,0
65.267,11.368,0
63.374,0,0
61.555,0,0
59.783,0,0
59.266,37.338,0
57.582,0,0
55.957,0,0
54.365,0,0
57.235,27.435,9.1241
65.15,0,24.79
63.294,0,0
61.497,0,0
59.759,0,0
58.039,0,0
56.388,0,0
54.789,0,0
53.239,0,0
51.731,0,0
55.054,0,11.313
53.547,1.8688,0
81.016,0,81.505
80.352,76.94,0
78.07,1.074,0
75.98,8.8067,0
79.165,0.03195,16.514
77.457,9.6359,1.2716
75.238,0,0
73.453,22.957,0
71.36,0,0
69.328,0,0
69.547,1.5066,6.1424
67.576,0,0
65.664,0,0
63.812,0,0
62.013,0,0.022172
62.522,36.488,4.2685
65.064,0,11.444
64.517,0,3.4968
62.695,0,0
61.328,24.259,0
59.991,0,1.0388
58.291,0,0
56.662,0,0
65.156,0,25.966
63.31,0,0
61.523,0,0
62.739,0.080096,7.7775
70.314,32.92,24.066
69.847,0,4.3275
67.851,0,0
65.902,0.0096645,0
70.42,0,17.909
68.41,0,0
67.351,0,2.4999
65.438,0,0
63.573,0,0
83.333,0,64.167
81.945,55.846,0
79.799,15.104,0
77.531,0,0
75.314,0,0
73.258,5.4525,0
71.168,0,0
69.572,27.185,0
67.606,0,0
65.689,0,0
64.591,0,2.0075
87.827,0,75.997
88.682,0,11.418
86.196,0,0.32172
83.702,0,0
82.593,0,4.3071
80.971,0,2.4218
78.628,0,0
76.372,0,0
78.263,0,12.608
82.787,0,21.57
80.402,0,0
78.063,0,0
75.815,0,0
73.629,0,0
71.551,1.849,0
70.425,0,2.7521
68.404,0,0
67.263,33.095,0
65.344,0,0
63.501,0,0.027879
61.704,0,0
62.541,12.882,6.0348
60.762,0,0
59.051,0,0
57.632,11.035,0.041377
56.01,0,0
55.899,0,3.552
55.138,41.44,0
53.683,4.4352,0
52.219,0.72043,0
50.748,0.23571,0
49.354,0,0
48.073,0,0.20422
48.234,0,3.2366
61.828,0.42677,35.654
61.407,0,3.4338
60.816,65.356,0
59.118,0,0
67.183,0,25.5
67.694,2.2782,6.5944
66.471,0,1.9139
64.581,0,0
70.588,0,21.773
72.231,0,10.565
70.165,0,0
68.173,0,0
66.223,0,0
64.331,0,0
62.511,0,0
60.729,0,0
58.997,0,0
57.818,1.7798,1.1514
56.167,0,0
54.579,0,0
57.75,0,11.523
56.995,38.468,0
55.393,0,0
55.695,0.58161,4.4368
54.135,0,0
52.599,0,0
52.086,51.795,0
50.644,0,0
49.517,0,0.61916
53.175,0,11.339
55.034,0,7.8338
53.49,0,0
52.009,0,0
50.568,0,0
49.634,12.923,0.51329
48.263,0,0
46.936,0,0
45.628,0,0
45.43,62.174,0
68.058,0,57.64
66.124,0,0
64.261,0,0
62.483,0,0
61.332,39.483,0
59.601,0,0
59.181,0,3.0785
64.155,0,17.081
62.786,30.377,0
67.46,0,17.211
65.556,0,0
63.702,0.21677,0
61.936,0,0.055754
60.193,0,0
62.066,0.015869,9.1575
60.362,2.0498,0
63.857,0,13.496
62.447,21.844,0
61.168,31.288,0
59.686,13.423,0.09298
58.022,0,0
56.483,6.3221,0
54.923,0,0
54.514,0.020151,2.6118
52.958,0,0
51.542,4.3015,0
50.126,0.0050381,0
48.968,2.987,0.42018
54.202,0,14.863
66.132,0,34.209
64.616,0,1.0115
62.763,0,0
60.963,0,0
62.214,0.044816,7.7708
60.439,0,0
58.738,0,0
57.077,0,0
60.799,0,13.477
59.064,0,0
57.569,7.3431,0
55.92,0,0
61.515,0,18.137
59.739,0,0
75.618,0,49.475
73.413,0,0
71.301,0,0
69.251,0.0085053,0
67.24,0,0
66.013,0,1.9422
65.721,69.151,0
63.88,2.0683,0
71.018,0,24.822
69.005,0,0
67.049,0,0
65.144,0,0
63.281,0.04406,0
61.487,0,0
60.794,0,2.7668
59.062,0,0
57.39,0,0
100.38,0.0063192,139.96
97.556,3.5638,0
111.76,22.746,63.444
111.86,0,13.554
108.6,0,0
105.52,4.7474,0
102.44,0,0
100.39,48.354,0
97.472,0,0
94.645,0,0
92.155,0.011093,0.80728
90.428,59.549,0
87.837,0,0
85.928,0,2.0653
83.446,0,0
81.035,0,0
78.717,0,0
76.455,0,0
74.26,0,0
72.151,0,0
70.089,0,0
68.071,0,0
66.114,0,0
64.991,42.913,0
63.154,0,0
63.274,0,5.0499
61.499,0,0.031819
83.711,0,70.201
81.32,0.34656,0
78.989,0,0
85.501,0,28.274
128.25,0,175.79
125.61,65.593,0
121.94,0,0
118.44,4.911,0
114.99,0,0
118.52,5.7451,28.039
115.05,0,0
111.7,0,0
112.18,0,14.889
108.9,0,0
106.02,17.595,0
103.16,0,0.81364
100.31,10.645,0
97.392,0,0
94.566,0,0.11054
91.825,0.37297,0
89.504,20.224,0
86.998,4.7818,0
104.22,9.3514,70.09
101.18,0.23956,0
98.265,1.6498,0
95.413,0,0
92.687,2.5133,0
89.985,0,0
87.385,0,0
91.595,32.525,21.025
89.188,13.984,0
86.677,3.8166,0
84.222,0,0.16046
82.016,0,0.6315
79.65,0,0
77.373,0,0
77.388,14.074,6.0546
75.693,32.779,0
73.538,0,0
71.436,0,0
69.772,24.267,0
67.805,1.6537,0
65.882,0,0
64.016,0,0
62.185,0,0
60.434,0,0
58.732,0,0
57.075,0,0
60.757,4.9949,13.041
59.037,0,0
57.38,0,0
56.1,0,0.80453
54.498,0,0.010624
52.971,0,0
51.493,0,0
50.042,0,0
66.614,106.55,40.255
69.321,0,12.652
67.368,0,0
65.474,0,0
63.624,0,0
62.251,16.599,0.50602
60.516,0,0
65.722,2.0108,18.014
63.866,0.8195,0
77.728,31.359,43.512
75.517,0,0
73.357,0,0
73.317,0,6.0453
73.626,0,7.0611
88.387,0,53.448
85.86,0,0
83.388,0,0
81.011,1.7038,0
78.673,0,0
76.414,0,0
74.785,21.282,0.55847
72.904,15.042,0
70.834,1.761,0
68.82,0,0
66.888,0,0
75.215,0,29.542
94.974,0,72.265
93.822,112.32,0
91.11,0,0
88.486,0,0
86.08,11.039,0
83.624,0,0
81.223,0,0.0035055
78.901,0,0
78.748,25.645,5.4849
76.505,0,0
74.323,0,0
72.207,0,0
70.22,6.4741,0
68.227,0,0
66.314,1.2521,0
64.439,0,0
62.62,0.35712,0
63.365,0,6.6012
61.605,0.094339,0
59.854,0,0
58.147,0,0
56.598,5.1594,0
72.189,0,46.117
70.143,0,0
68.137,0,0
66.18,0,0
64.289,0,0
75.066,0,36.049
77.039,65.333,8.9835
75.994,23.448,2.5176
73.829,0,0
72.385,52.996,0
70.863,48.815,0
68.876,1.04,0
66.956,1.6739,0
73.707,0,24.388
87.15,0,48.475
85.422,73.367,0
86.177,0,10.439
83.696,0,0
81.306,0,0
78.994,0,0
78.147,0,4.2644
75.919,0,0
73.761,0.44582,0
71.687,0.96847,0
71.721,0,5.9927
69.952,20.923,0
68.093,7.9109,0.021882
66.174,0,0
71.9,0,21.302
100.81,0,102.35
98.465,47.013,0
100.47,0,17.719
97.561,0,0
94.745,0,0
92.011,0,0
89.79,32.55,0
87.213,0,0
84.706,0,0
84.077,179.77,0
81.714,2.7647,0
79.385,0,0
79.974,0,8.6813
77.711,0,0
87.128,0,36.775
84.642,0,0
82.234,0,0
79.895,0,0
77.705,8.2255,0
75.505,0,0
73.341,0,0
71.625,0.1188,1.0531
69.609,0.28041,0
67.627,0,0
65.709,0,0
63.865,0,0
66.696,0,12.413
65.283,0,1.2953
63.761,21.725,0
62.617,0,1.7266
60.856,0,0
59.138,0,0
63.834,11.189,15.944
63.196,0,3.0607
62.834,0,3.7236
61.052,0,0
59.314,0,0
57.647,0,0
56.03,0,0
54.503,2.5674,0
52.985,0,0
66.563,0,38.27
64.68,0,0
62.846,0,0
61.063,0,0
59.506,8.3887,0
57.813,0,0
56.315,6.271,0
54.718,0,0
53.192,0,0
66.144,0,36.863
64.246,0,0
62.838,18.155,0
61.037,0,0
59.311,0,0
57.63,0,0
55.983,0,0
54.765,15.782,0
88.26,0,102.1
88.652,0,9.9842
86.078,0,0
83.578,0,0
81.34,0,0.59492
80.167,57.95,0
77.859,0,0
75.609,0,0
73.446,0.16657,0
71.482,0,0.43856
85.443,0,49.792
89.295,29.556,19.422
86.708,0,0
84.206,0,0
81.771,0,0
79.412,0,0
77.107,0,0
74.89,0,0
72.739,0,0
96.03,0,83.49
93.221,0,0
90.506,0,0
87.931,2.7767,0
85.364,0,0
84.531,90.149,0
82.245,10.503,0
89.021,0,29.983
86.463,0,0
84.006,2.1779,0
81.573,0,0
79.244,0,0
77.054,4.7408,0
74.895,0,0.18438
72.749,0,0.0015931
70.747,0,0.18684
68.716,0,0
66.757,0,0
65.008,8.464,0
67.678,0,12.422
65.722,0.13824,0
77.154,0,38.691
75.092,7.5099,0
72.953,0,0
72.929,7.7119,5.653
70.976,7.0897,0
69.256,15.404,0
68.84,71.414,1.2926
66.902,0,0
65.004,0,0
63.171,0,0
68.972,0.03979,20.608
67.02,0,0
65.101,0.1513,0
63.261,0,0
61.833,22.562,0
60.307,15.072,0.016761
59.808,11.589,2.5542
62.416,0,10.962
60.658,0,0
61.423,0,6.3238
60.281,40.705,0
92.445,12.976,101.55
89.857,5.0084,0
87.285,0,0
84.776,0,0
82.333,0,0
79.965,0,0
77.647,0,0
75.428,0,0
73.353,4.4295,0
71.255,0,0
72.843,0,10.511
70.739,0,0
68.754,0.98514,0
66.776,0,0
64.917,1.7838,0
63.075,0,0
67.815,0,17.809
75.299,0,27.469
73.15,0,0
71.059,0,0
69.346,14.013,0
67.479,5.6248,0
65.545,0,0
73.815,0.52141,28.943
75.767,0,12.205
74.669,56.984,0
72.713,11.132,0
70.642,0,0
68.641,0,0
66.668,0,0
64.777,0,0
62.933,0,0
61.123,0,0
59.408,0,0
60.731,0,7.704
63.572,0,11.963
61.756,0,0
76.93,14.428,47.343
74.709,0,0
72.97,0,1.2306
76.169,4.2185,15.613
73.997,0.12691,0
71.881,0.073661,0
69.822,0,0
69.615,0,5.1184
67.628,0,0.03571
65.679,0,0
63.799,0,0
63.92,106.44,0
62.106,0.020688,0
60.572,15.065,0
58.859,0,0
57.207,0,0
55.866,19.622,0
54.298,0,0
52.975,0,0.45554
51.696,12.274,0
50.248,0,0
49.068,0,0.48185
47.714,0,0
46.381,0.0056832,0
45.102,0,0
45.818,0,4.0367
57.844,0,30.271
56.223,0,0
65.586,0,28.213
63.721,0,0
61.91,0,0
60.151,0,0
58.44,0,0
56.873,3.825,0
55.254,0,0
53.707,0.24116,0
52.211,0,0
51.927,47.238,0.48401
50.475,0,0
61.427,0,29.779
59.699,0,0
66.266,30.848,20.268
70.054,1.1057,15.804
68.068,0,0
66.107,0,0
66.212,0,5.4519
65.41,70.576,0
69.876,0,17.376
67.874,0,0
66.081,9.1307,0
64.583,28.332,0.0049738
62.867,9.7557,0
62.273,112.99,0
60.537,0,0
59.167,33.519,0
57.512,0,0
55.929,0,0
54.613,22.047,0
53.142,3.5475,0
52.33,0.2014,1.4572
50.898,0,0
49.497,0,0
48.38,23.145,0
47.089,1.6325,0
45.828,0,0
44.662,5.7381,0
69.156,0,61.633
67.218,0,0
65.427,0,0.27768
63.673,8.4958,0
61.896,0,0
62.146,0,5.0861
60.451,2.6274,0.085817
59.789,14.217,2.1407
58.098,0,0
56.457,0,0
54.908,0,0
53.386,0,0
51.905,0,0
50.816,24.105,0
49.396,0,0
49.064,0,2.189
47.708,0,0
46.39,0,0
46.645,26.681,2.3336
45.372,0,0
44.123,0,0
42.905,0,0
41.733,0,0
40.595,0,0
39.507,0,0
38.426,0,0
37.408,0,0
36.474,3.0373,0
36.103,32.242,0
37.171,23.985,2.8391
38.896,0,4.8266
37.836,0,0
36.825,0,0
35.841,0,0
34.872,0,0
35.393,106.45,0
34.46,0,0
38.777,77.792,7.3323
37.737,0,0
36.735,0,0
35.786,1.4013,0
34.871,0,0
33.956,0,0
33.075,0,0
32.204,0,0
31.378,0,0
30.589,0,0
29.814,0.35595,0
29.061,0,0
28.318,0,0
28.836,104.8,0
28.12,0,0
27.41,0,0
32.731,5.3868,8.2568
32.229,0,0.48412
31.407,0,0
40.617,0,16.546
39.549,0,0
38.49,0,0
38.04,48.717,0
37.046,0,0
38.063,0,3.3995
37.055,0,0
36.091,0,0
35.137,0,0
34.223,0,0
33.346,0,0
36.402,0,6.4183
43.591,0,14.945
42.391,0,0
41.217,0,0
40.383,17.183,0
39.654,24.703,0
38.596,0.27448,0
37.56,0,0
37.048,0,0.87062
36.363,19.787,0
35.911,37.464,0
39.926,0,8.5962
39,11.301,0
37.956,0,0
43.889,50.922,11.657
51.914,0,19.275
50.498,0.072832,0
49.1,0,0
47.749,0,0
46.427,0,0
45.18,0,0
43.943,0.35502,0
42.915,6.647,0.14486
41.746,0,0
40.619,0,0
39.535,0.28707,0
38.491,0,0
42.393,5.3211,9.0201
41.596,2.4495,0.64698
46.741,5.6105,12.322
46.166,18.519,0.80491
46.374,0,3.0915
45.095,0,0
43.86,0,0
43.264,36.338,0
42.089,0,0
40.988,0,0.076823
39.888,0,0
40.094,0,2.3267
40.661,0,3.0742
48.684,33.309,17.246
51.859,0,9.9807
50.431,1.0026,0
50.132,0,2.4253
49.203,0,1.0278
52.663,0,10.796
51.2,0,0
49.88,5.942,0
48.507,0,0.0035422
52.891,0,12.799
52.577,75.045,0
51.743,52.445,0
55.767,4.184,12.344
54.426,16.98,0
62.997,0,24.696
61.215,0,0
59.49,0,0
57.825,0,0
56.208,0,0
54.656,0,0
56.792,0,8.6523
55.254,5.8442,0
61.673,0,19.675
60.298,0,0.9163
58.608,0,0
56.979,0.55197,0
55.381,0,0
72.025,0,48.267
69.979,0,0
68,0,0
66.056,0,0
74.232,0,28.795
72.094,0,0
70.032,0,0
68.011,0,0
66.065,0.040553,0
83.32,0,57.644
81.213,14.15,0
79.339,23.858,0
77.885,49.776,0
75.66,0,0
73.499,0,0
71.389,0.044694,0
69.437,0,0.23651
67.453,0,0
65.579,1.6998,0
63.733,0,0.010219
61.953,0,0.039058
62.167,37.536,3.4644
61.252,62.709,0
59.539,0,0
57.898,0,0
56.279,0,0
54.841,11.395,0
53.396,6.1514,0
52.02,8.3873,0
50.578,0,0
49.187,0,0
47.838,0,0
46.514,0,0
45.292,3.5225,0
44.044,0,0
79.221,0,93.959
88.265,10.659,36.148
85.711,0,0
88.379,0,17.166
86.47,2.633,1.9832
83.976,0,0
81.565,0.0030403,0
79.235,0,0
76.948,0,0
74.734,0,0
72.599,0,0
70.52,0,0
71.212,32.686,5.8902
69.817,0,1.8496
67.825,0,0
65.937,1.7194,0
64.467,7.6839,0.69569
62.678,3.2359,0
60.957,2.8999,0.0019513
63.206,0.50932,10.356
61.4,0,0
59.668,0.64474,0
57.972,0,0
56.957,30.699,0
55.365,0,0
56.52,7.0847,6.1903
54.946,0,0
53.41,0,0
51.916,0,0
50.484,0.57555,0
49.973,0,2.0017
48.578,0,0
47.221,0,0
45.907,0,0
44.633,0,0
43.397,0.79212,0
42.855,0,1.3113
43.649,0,3.9902
42.444,0,0
67.061,0,62.01
65.372,8.2184,0
65.287,63.06,1.2335
63.437,0,0
61.641,0,0
59.922,1.7183,0
58.273,2.0356,0
60.077,0,8.7595
58.534,8.1129,0
57.515,0.013097,1.5935
55.886,0,0
65.14,0,27.861
63.836,0,1.4048
77.61,0,45.092
75.574,9.1046,0
73.596,8.6282,0
71.586,0.30665,0.26865
69.599,3.2038,0
68.238,33.394,0
66.88,0,1.6586
64.991,0,0
63.788,0,1.7012
80.098,0,52.826
78.083,15.463,0
75.842,0,0
76.275,0,7.9306
74.092,0,0
72.127,8.0903,0
71.824,19.372,4.0589
72.582,1.3437,8.1068
70.511,0,0
68.485,0,0
66.556,0,0
64.631,0,0
62.816,0,0
61.034,0,0
59.342,1.7704,0
58.615,49.039,0
57.662,4.9603,1.4657
56.559,0,1.2363
54.988,0,0
53.425,0,0
51.938,0,0
50.481,0,0
49.057,0,0
47.701,0,0
46.388,0,0
47.717,29.885,4.2882
46.778,21.739,0
45.483,0,0
44.235,0,0
53.892,0,23.643
52.615,13.011,0
51.145,0,0
49.827,5.4799,0
48.451,0,0
47.112,0,0
45.808,0,0
44.516,0,0
43.408,5.1049,0
42.265,2.8803,0
41.258,6.889,0
52.16,13.315,24.736
50.853,9.3797,0
49.436,0,0
54.315,0,14.307
58.519,18.337,13.065
56.863,0,0
55.274,0,0
53.724,0,0
52.216,0,0
51.79,62.021,0
50.798,0,0.96999
52.254,0,6.3995
51.622,61.362,0
67.592,0,43.353
65.894,15.585,0
64.041,0,0
66.261,0,10.744
64.412,0,0
69.338,0,18.437
78.821,0,33.835
99.182,0,76.676
96.311,0,0
93.777,17.593,0
91.212,10.754,0
88.633,3.0647,0
89.403,0,11.283
86.929,6.6715,0
84.41,0,0
82.553,19.407,0.84344
80.174,0,0
78.984,56.254,1.1322
81.463,0,14.784
85.375,0,20.15
83.236,19.045,0.19657
80.85,0,0
78.536,0.25113,0
76.288,0,0
74.103,0,0
72.012,0,0
72.07,9.266,5.6694
71.778,0,5.0786
69.749,0,0
67.781,0,0
91.232,0,79.401
110.08,0,79.821
117.61,0,43.602
114.2,1.6726,0
110.88,0,0
110.4,2.0689,10.859
107.17,0,0
104.05,0,0
101.06,3.5217,0
98.158,1.3801,0
95.379,3.0766,0
94.896,0,8.1973
92.124,0,0
89.463,0,0
86.954,3.5092,0
84.434,0,0.0061701
81.993,0,0
79.621,0,0
83.36,0,19.43
88.925,0,26.828
87.106,0,2.6527
84.558,0,0
82.126,0.91818,0
79.75,0,0
77.433,0,0
76.218,0,3.1695
73.998,0,0
71.869,0,0
69.804,0.07565,0
67.789,0,0
65.857,0,0
63.948,0,0
62.085,0,0
60.303,0,0
59.052,0,1.233
63.549,0,16.437
61.73,0,0.031737
59.941,0,0
58.221,0,0
56.574,0,0
54.954,0,0
53.375,0,0
51.853,0,0
50.707,0,0.84686
64.371,0,38.499
62.763,4.397,0
60.95,0,0
59.185,0,0
57.468,0,0
55.806,0,0
56.226,0,5.0701
54.604,0,0
53.049,0,0
51.521,0,0
67.118,5.5359e-05,44.673
67.359,54.399,0
